family,fold,diameter_in,pitch_in,points,atlas_c,atlas_weight,fixed_joint,fixed_ct,fixed_cp,plain_j_joint,plain_j_ct,plain_j_cp,safe_atlas_joint,safe_atlas_ct,safe_atlas_cp,raw_atlas_joint,raw_atlas_ct,raw_atlas_cp,direct_poly_joint,direct_poly_ct,direct_poly_cp,extra_trees_joint,extra_trees_ct,extra_trees_cp,hist_gb_joint,hist_gb_ct,hist_gb_cp,mlp_joint,mlp_ct,mlp_cp
ancf_11x4,0,11.0,4.0,63,-0.05118022367049302,0.6000000000000001,0.03707121940376289,0.0466980207786776,0.029428984037572374,0.040778359822323,0.04610323649747445,0.0360685009584943,0.050960910528108694,0.047659532837851765,0.054490974779159394,0.08050160244144626,0.07198706863090644,0.09002322387743913,0.07275934095920428,0.029907973342601816,0.17700703542078258,0.0966324589471162,0.04280161302569676,0.2181654256011322,0.08825606518803453,0.039554762912338025,0.1969202308135942,0.11681285411176165,0.06646993817378084,0.20528442271243294
ancf_125x75,0,12.5,7.5,123,-0.07079571081908864,0.0,0.05384206179689474,0.06714616033223464,0.04317398946115068,0.07785639235212287,0.04851144098619851,0.12495233509580196,0.05384206179689474,0.06714616033223464,0.04317398946115068,0.15442414858463663,0.11445240644193054,0.20835575596384717,0.049732675208962164,0.022985245402523502,0.10760550692961396,0.06828308311982047,0.04030981470075591,0.11566859026669939,0.06974009587838065,0.042401347329537036,0.11470581194804758,0.07482156924980071,0.04228076896817641,0.1324069396471097
ancf_12x8,0,12.0,8.0,115,-0.05502779844671157,0.0,0.06603745699491782,0.07732841472309383,0.05639512644830208,0.06313504319292089,0.04692292338012953,0.08494853670306385,0.06603745699491782,0.07732841472309383,0.05639512644830208,0.1315986803603402,0.10116527630513848,0.17118732143178408,0.05543322866035434,0.02442242190883778,0.1258205615798962,0.05937032489962989,0.027599015789177915,0.12771598471528706,0.05393068934327551,0.02563060379357543,0.11347837438655815,0.07427692351833207,0.033439385177120626,0.16498692598938536
ancf_14x8,0,14.0,8.0,92,-0.06120327506567902,0.1,0.04725993958340253,0.04306624782405088,0.0518620033617029,0.042938971047410075,0.03523004286516424,0.05233474286894613,0.04672459590922656,0.042436995052992574,0.05144539240241417,0.14068940830283705,0.1071187820250286,0.18478094349483531,0.04630786795377475,0.019109439121103196,0.11221776949256898,0.06205254331083836,0.03344759945175086,0.11512091134964574,0.043125489438205634,0.019435669415394038,0.09569044417949008,0.0668240395651644,0.035448149813341,0.1259713775562434
ancf_9x5,0,9.0,5.0,83,-0.1331900930438279,0.8,0.03204100576435551,0.03554574549171779,0.028881826395529338,0.06221269503256986,0.07335823261841709,0.05276053259554466,0.05469541154811746,0.05601423721243492,0.0534076369383072,0.0691501736887455,0.073563926625751,0.06500124096842083,0.04307371387890812,0.020554865218536694,0.09026305001741697,0.05494279820456066,0.03296345649442319,0.091577504169133,0.050773698084513645,0.028793585810981858,0.08953273253635916,0.06525663078599149,0.03725588384228043,0.11430215639405845
ancf_9x7,0,9.0,7.0,114,0.017340488928438758,0.0,0.0392697412583566,0.04699168006705763,0.032816715135480644,0.04575784384403047,0.044750005849118195,0.046788379878970124,0.0392697412583566,0.04699168006705763,0.032816715135480644,0.20344591732270018,0.20132546763836748,0.20558870052954512,0.03927731557822651,0.021893268511553647,0.07046492478806751,0.04487236306257849,0.03316592490494949,0.06071077386174058,0.031003095749867805,0.020999059811695916,0.04577309435254395,0.05376675576295401,0.03509652415876286,0.08236895517618831
ancf_10x7,1,10.0,7.0,111,-0.08348990340019324,0.0,0.07409744168081014,0.10372792977832762,0.05293107531765474,0.06229910452595498,0.06833138037611435,0.056799356362666927,0.07409744168081014,0.10372792977832762,0.05293107531765474,0.127471155872519,0.09196011691345025,0.1766950295938504,0.0440434461162276,0.021549361729507225,0.0900177541285072,0.059774602836856226,0.04336521668029432,0.08239329623660147,0.046683633394770274,0.0254782767964909,0.08553803086233336,0.08199132580142149,0.041641776499253,0.16143829759029227
ancf_125x6,1,12.5,6.0,101,-0.0463189761291134,0.0,0.042869384201794536,0.07269089434057584,0.025282177616780612,0.051151931606616984,0.03393839822836969,0.07709615785287201,0.042869384201794536,0.07269089434057584,0.025282177616780612,0.0812871913025049,0.06278934024785579,0.10523454210168538,0.05416199700067286,0.022103122640790406,0.13271979560422842,0.0722925977587894,0.03404439273222826,0.1535119081670886,0.06441854020827059,0.025268561448714984,0.16422574474557622,0.07721445080666929,0.030881698644249233,0.19306164087854683
ancf_12x10,1,12.0,10.0,141,-0.08751975794326228,0.0,0.0460378936320035,0.040403949976276186,0.05245743674358965,0.0472386731914404,0.04400979276402438,0.050704447913506964,0.0460378936320035,0.040403949976276186,0.05245743674358965,0.16387427534537197,0.11302110434088518,0.23760852697893978,0.03019668603174545,0.019349094659842605,0.047125711219567115,0.03397508021852638,0.028022662767337777,0.041191876926154246,0.03274698711988014,0.018629744211108454,0.05756199082916935,0.059413798465201895,0.04256062515201046,0.08294049806495568
ancf_12x65,1,12.0,65.0,104,-0.03667411408421439,0.0,0.03877986669705161,0.06198252244279298,0.024262937385762295,0.05040903302309259,0.03667573204431736,0.06928479593134557,0.03877986669705161,0.06198252244279298,0.024262937385762295,0.08986099252447936,0.07169167953611415,0.1126350788506331,0.1249363843332857,0.06714200575819802,0.23247890726542092,0.12305631057842989,0.09543673318597914,0.1586690477309807,0.11249045905209823,0.06080448088420256,0.20811136274398187,0.2480537890323102,0.24100761961148878,0.2553059623279757
ancf_14x6,1,14.0,6.0,94,-0.047986379019386086,0.1,0.043066460479876,0.0312726079950207,0.059308133768697334,0.03833206740291065,0.035981360456740226,0.040836348952059676,0.03767068201241568,0.026449184098922496,0.05365308351187851,0.06265769654675961,0.05873826878484534,0.06683865591828148,0.07495287012064297,0.02923149260498864,0.19218767974794482,0.07638177160303757,0.028030986854212552,0.20813305873110294,0.07940331085786778,0.0339071030729961,0.18594586985558337,0.13696102799262425,0.06276320418602602,0.2988745305800189
ancf_15x10,1,15.0,10.0,114,-0.056710071041020375,0.0,0.058211505533241135,0.07184531134345155,0.04716493412141668,0.06923455936007542,0.05712689904546713,0.08390835648139652,0.058211505533241135,0.07184531134345155,0.04716493412141668,0.15396378279392708,0.1287995537464908,0.1840444762632682,0.03457773200596957,0.018083695078829603,0.06611588756970097,0.07521226795687777,0.04567136441054027,0.12386065807816458,0.048045751095248855,0.03336162094207337,0.06919310672328331,0.0979015832454557,0.07570589483989644,0.12660467222845395
ancf_15x8,1,15.0,8.0,88,-0.04599757811162253,0.0,0.04319994616882408,0.06457803786339575,0.028898916887766298,0.044136970402591305,0.05361130182688304,0.036336967951454836,0.04319994616882408,0.06457803786339575,0.028898916887766298,0.10062527141103421,0.07476573408481692,0.1354289551287978,0.04983897744021324,0.019992278975775903,0.12424414821820898,0.08849851568814306,0.046782378879980935,0.1674131898913751,0.05596612036526433,0.021622123750776753,0.14486119239913856,0.10274516821657213,0.056971286221610386,0.1852963184083314
ancf_16x8,1,16.0,8.0,95,-0.032491402077633055,0.0,0.037695693385408804,0.0671177365396697,0.021171233910233202,0.04244272897015613,0.03845321798939838,0.0468461506376599,0.037695693385408804,0.0671177365396697,0.021171233910233202,0.12793642721111337,0.10034339356346492,0.1631171602462527,0.05165383572411786,0.025138113735496317,0.10613838305801888,0.11924779009822038,0.0685576936503437,0.2074170627126681,0.10954522194363413,0.06415575923307297,0.18704720814049464,0.12257150950107436,0.0838159561940412,0.17924719377525947
ancf_9x4,1,9.0,4.0,66,-0.14513469944952861,1.0,0.041556055774951195,0.02836325667979282,0.06088531338508723,0.03226015382021945,0.046220524125669286,0.02251635056484011,0.07372965987551515,0.07079131482017152,0.07678996723211276,0.07372965987551515,0.07079131482017152,0.07678996723211276,0.06146767133530179,0.03270983583757583,0.11550882242717775,0.08568505100375585,0.05109271128193132,0.14369814756948862,0.10370085068340697,0.06457148690233766,0.16654202881725724,0.07034882866755236,0.03384654916205562,0.14621749683258015
ancf_10x8,2,10.0,8.0,122,0.28693263285727155,0.2,0.024224553298071945,0.025654167192922895,0.0228746066117872,0.04242503121060796,0.046553866348245834,0.03866238004287434,0.032599430065153596,0.02424529905928224,0.043832119289367144,0.1494155469021019,0.12523269979294563,0.17826818149704848,0.03347809434969733,0.014395765368943835,0.07785503393276434,0.040725446359167465,0.027643391325903138,0.05999849879487387,0.037471247128941516,0.02730832098043098,0.05141635629683625,0.0822162674455176,0.04832901898943896,0.1398645115091203
ancf_11x6,2,11.0,6.0,107,0.11377845572336098,1.0,0.05176150529308792,0.07866170699106864,0.03406045371619733,0.05429838462371057,0.059238508711499174,0.0497702362343921,0.06689287465504806,0.06670239650566934,0.06708389674178573,0.06689287465504806,0.06670239650566934,0.06708389674178573,0.04388166134712645,0.020045706445198652,0.09606048097372548,0.06887722131877026,0.04457415527551415,0.10643099319037266,0.05065866050930812,0.030525696715371683,0.08407014943921114,0.0958613461221855,0.056243717891190544,0.16338531706128168
ancf_125x9,2,12.5,9.0,135,0.06479722622435746,0.0,0.04201699582257686,0.08336317589586949,0.021177551346648203,0.05900486198478914,0.03258807244334041,0.1068358290873843,0.04201699582257686,0.08336317589586949,0.021177551346648203,0.12731062916834948,0.10612355122621596,0.15272760958301873,0.041812321826483805,0.02255722722988783,0.07750377467515307,0.06074401319770356,0.0457865322098855,0.08058778337805923,0.04593540967818296,0.029068880275771838,0.07258834335153895,0.09101303296451954,0.06301748308590148,0.131445620544847
ancf_12x9,2,12.0,9.0,136,0.10214728748800717,0.0,0.015080772178347352,0.01220145683879713,0.01863955202234986,0.0418076946826905,0.01942697104650319,0.08997199463040753,0.015080772178347352,0.01220145683879713,0.01863955202234986,0.1273351789736372,0.09927659565569716,0.16332397074211852,0.03328324977177238,0.01600613815552212,0.06920936859388559,0.05911181717691879,0.04315002787459323,0.08097809206781215,0.08215233365994934,0.051230575523480586,0.13173785101598873,0.09913603927403736,0.0652352675841045,0.1506540042971817
ancf_13x10,2,13.0,10.0,183,0.04549429951885553,0.0,0.027662445118445372,0.03132042915464418,0.024431685343543157,0.03792413845839924,0.03838677519485105,0.03746707741172153,0.027662445118445372,0.03132042915464418,0.024431685343543157,0.19712509923237934,0.1587659126445238,0.24475218956085984,0.04286082039040051,0.03820151947518297,0.0480883993562503,0.0619846210601967,0.06280100691401831,0.06117884786841779,0.04929714639594548,0.06404492668263205,0.03794537317258439,0.07374131599634474,0.0759063035152131,0.07163807790723113
ancf_13x5,2,13.0,5.0,114,-0.04766321030414011,0.9,0.04860292431025157,0.03578254807801723,0.0660166583541677,0.04240580576923926,0.02387034457501206,0.07533416022912763,0.11392478556966346,0.1045498292081683,0.12414039186282844,0.12335113491581358,0.11573543344551006,0.1314679699383761,0.07312865296664946,0.028605601439039455,0.1869493950726114,0.07887293744119445,0.029317995978162925,0.21218845466914413,0.08250041391617155,0.03411484739778506,0.19951190802575713,0.13593443689599016,0.06326731718941146,0.29206503381373783
ancf_13x65,2,13.0,65.0,146,-0.020325838183751888,0.0,0.06047838680939786,0.07909789012972374,0.04624188161110846,0.07350405827204613,0.054927625835723304,0.09836300951035286,0.06047838680939786,0.07909789012972374,0.04624188161110846,0.06817463854898015,0.056659733505601495,0.08202970705509234,0.10780937642035589,0.048089180551182824,0.241693901017411,0.08070050830026872,0.03259790739649334,0.1997849727195163,0.07310342363703948,0.03558678509651693,0.15017120914301188,0.16309886124624276,0.11060316176523013,0.24051065191324097
ancf_14x12,2,14.0,12.0,107,0.07866096732411632,0.0,0.027842584262338533,0.02367663281461788,0.03274154329608936,0.04176026310545322,0.038759095707498,0.0449938148143976,0.027842584262338533,0.02367663281461788,0.03274154329608936,0.12958887515979078,0.11235210361581592,0.1494700679802477,0.036759200421414076,0.026492690748960608,0.05100421200797439,0.07175015470429115,0.06990729242780268,0.07364159762597644,0.045437374493180874,0.038766298424938624,0.05325643883258717,0.07657029666198718,0.06568373168597112,0.08926122466572589
ancf_14x9,2,14.0,9.0,97,0.03139001973114241,0.0,0.038232615035708,0.025299863958978836,0.05777631274376402,0.04383573836170936,0.03217481876158973,0.059722852580919854,0.038232615035708,0.025299863958978836,0.05777631274376402,0.12172929120852435,0.10208157943354192,0.14515861157670162,0.05103233575435169,0.02686387338041931,0.09694429599430432,0.06000355118574787,0.03898591233125535,0.09235197894841034,0.05281449947825418,0.03355653783974275,0.08312452757968712,0.07675701489742685,0.05183896907115956,0.11365271033604721
ancf_9x6,2,9.0,6.0,94,0.24182387838134156,0.7000000000000001,0.04235775966535903,0.032138387588798875,0.055826690088635236,0.04398740286042168,0.06341444515598298,0.03051184325031474,0.12438450486358742,0.11831188243742774,0.1307688182405711,0.17495025386431248,0.17665060107864625,0.17326627331180514,0.04258476148198656,0.025887037667851567,0.07005289418378592,0.06312595349462416,0.04951325573581753,0.08048119529580468,0.05368378896595724,0.03670439868092743,0.07851781533854603,0.04020434389271536,0.02084134874727717,0.07755684564584109
ancf_10x12,3,10.0,12.0,152,0.17369142290569362,0.0,0.04159416805853341,0.050536368997802894,0.034234252495598506,0.04406006021359657,0.06397867688287942,0.030342748562611186,0.04159416805853341,0.050536368997802894,0.034234252495598506,0.35544888375455624,0.4113240611740576,0.3071639149962001,0.07944027879649346,0.052114683242704934,0.12109366310209692,0.1413543405261555,0.13293274769217414,0.15030946047886914,0.15583962417015512,0.14327806917447825,0.1695024828393011,0.14916552391987992,0.12149148758445229,0.1831433129076257
ancf_10x4,3,10.0,4.0,93,-0.05968354585858604,0.4,0.03598547324526328,0.044404800364999795,0.02916248410174708,0.04455072850569624,0.03942872095869888,0.05033811298285013,0.04135545584086864,0.03840283169755788,0.044535094215846484,0.08665407348047027,0.07218993945307901,0.10401627301044197,0.05457334633600405,0.02114731164517692,0.14083351020122212,0.08855136292184872,0.04450020483091044,0.17620916364569766,0.07812120962004013,0.03381415249030832,0.1804842926123151,0.11078903160765337,0.05906061506268386,0.207823936671408
ancf_11x12,3,11.0,12.0,154,0.20325341311687128,0.0,0.047067344046153946,0.05954022438733595,0.03720736524517061,0.04919214342449441,0.0743608413401836,0.03254222156559121,0.047067344046153946,0.05954022438733595,0.03720736524517061,0.37439231763128444,0.4155621703872599,0.33730117294050455,0.06471677895513016,0.04606195810864286,0.09092669201011042,0.11726535119196278,0.10853192343886885,0.12670154692245714,0.14186385729646905,0.12771757331006683,0.15757701532719803,0.1431179546146374,0.12202922759229692,0.16785117252000353
ancf_12x13,3,12.0,13.0,155,0.20337231202562678,0.0,0.03750606425512441,0.033293195840559536,0.04225202238457982,0.0454201136616439,0.048403325911639906,0.04262076388723009,0.03750606425512441,0.033293195840559536,0.04225202238457982,0.3644399335857513,0.4024899154981216,0.32998706322272225,0.06315600511908727,0.04764950278597352,0.08370876398266043,0.1113857092504294,0.1035946643888187,0.11976269529341027,0.1358074943805016,0.12288611573808358,0.1500875458479001,0.16297639903344316,0.1365673760259685,0.19449232616768897
ancf_12x6,3,12.0,6.0,97,-0.09156122787788852,0.0,0.04177328367561648,0.06403060203757031,0.02725270688567997,0.045335618581560246,0.028652319097046394,0.07173305257460232,0.04177328367561648,0.06403060203757031,0.02725270688567997,0.06492041143422413,0.07511548872926706,0.056109064749342324,0.050077626941793144,0.0181240224662995,0.13836711606291857,0.057720238097422875,0.02322270668992586,0.1434641504329237,0.05530579973804754,0.02264626886546033,0.1350655820098533,0.08525721380312104,0.037674987053118905,0.19293417394470874
ancf_13x11,3,13.0,11.0,140,-0.11089191717208036,0.1,0.020019970599686,0.02031827626066647,0.01972604455566867,0.03310562029058653,0.03017898139765967,0.03631607311005818,0.017177034030664683,0.012319729831174403,0.023949429259723164,0.1238813138400123,0.09892427873075846,0.1551346152393621,0.03566910576966064,0.01844441130047253,0.06897943695143273,0.05728697388050486,0.035611605069935416,0.09215527831280641,0.05622755388068474,0.030899643355593667,0.10231632058086464,0.046767656661736254,0.023940139253945107,0.09136177891152457
ancf_15x6,3,15.0,6.0,59,-0.08717568645041698,0.0,0.036397681577077345,0.024969702916683524,0.053055946584817215,0.02980616241398928,0.019840974007414382,0.04477639643684418,0.036397681577077345,0.024969702916683524,0.053055946584817215,0.07487769261681639,0.09264143854590774,0.060520097049659896,0.09523872140807459,0.03881535040000615,0.2336811071385667,0.08484358437916958,0.03204962193022211,0.2246027683564435,0.08535798644730991,0.031677370938295535,0.23000601484673525,0.11555444383302335,0.04760247287691693,0.2805070552549868
ancf_16x6,3,16.0,6.0,64,-0.08627894133161318,0.2,0.05310505768309104,0.042538239155561236,0.06629675340371335,0.034858072456474314,0.02304531829056623,0.05272590293874211,0.0494652912850526,0.04016636077069125,0.060917020983900096,0.08665308823018969,0.09321934801733209,0.08054934795760373,0.08487220938512274,0.03475210652779857,0.2072764112917912,0.08109247156346247,0.03276204630136062,0.20071972561731796,0.0932938361317731,0.04073968802068639,0.21364277153429923,0.10874087449649604,0.04911882840221042,0.24073411705663927
ancf_10x5,4,10.0,5.0,80,-0.05912760414100959,1.0,0.03982674498229227,0.0376323371242733,0.04214911262743351,0.03653262800723036,0.031958021498766656,0.041762063060323644,0.05364850710729676,0.04122583659189929,0.06981452780044295,0.05364850710729676,0.04122583659189929,0.06981452780044295,0.05440795749573768,0.026512258148585436,0.11165498699762552,0.061881734299998895,0.03082637784583294,0.12422312667179952,0.06018433721000378,0.0285322344701997,0.12694955416795628,0.09936547866167722,0.052773102409377604,0.18709338467676942
ancf_10x6,4,10.0,6.0,90,-0.06987120510926267,0.30000000000000004,0.04895166292752229,0.06768720662182445,0.03540204158162334,0.052351586960083435,0.05038336371450455,0.054396698735106046,0.04377238506688376,0.04565551839783627,0.04196692451824955,0.09208222760087613,0.06494309089827688,0.13056256674356298,0.05285170658965643,0.02529666120665113,0.11042180098868952,0.058941100643911906,0.03148506109070772,0.1103397365216185,0.05700545520181574,0.02963323333697885,0.10966140231181148,0.1073226651261824,0.056834254333859247,0.2026621899906708
ancf_11x10,4,11.0,10.0,145,0.0,0.0,0.03510620703548008,0.03010637673065279,0.040936369840983776,0.048067956785688905,0.038057291572719684,0.0607118471669459,0.03510620703548008,0.03010637673065279,0.040936369840983776,0.2322306645870982,0.19127536269531228,0.281955191795786,0.03532834610057669,0.026546019832918582,0.047016164609898575,0.07115503553683317,0.06748384596788275,0.0750259415365511,0.06642113367532004,0.043034547838304994,0.10251686657174137,0.08670550782619488,0.07769112770984406,0.09676581237790133
ancf_11x7,4,11.0,7.0,116,-0.07713784331267921,0.0,0.035471611981159216,0.06943310421721789,0.01812154692962587,0.05972302203486108,0.0429885688238525,0.08297180991513765,0.035471611981159216,0.06943310421721789,0.01812154692962587,0.11510715499472383,0.08574445739819693,0.15452493995557076,0.04233685690250693,0.02022890995630919,0.08860632907332283,0.059523892664432185,0.03662018875655541,0.09675247229009959,0.047166433071050354,0.02735034425806492,0.08133983205677105,0.11129958770282146,0.06144027804862397,0.20162015238626482
ancf_11x8,4,11.0,8.0,119,-0.08640411726156343,0.0,0.06052429602365534,0.08183830225314545,0.04476131967923696,0.07432078061211317,0.04280564604616341,0.12903854843907733,0.06052429602365534,0.08183830225314545,0.04476131967923696,0.1182002761959859,0.08869929387186,0.15751315126579346,0.04488156052146927,0.02293157335522562,0.08784196546999162,0.04889811133446084,0.029476601579086336,0.0811160433695912,0.046978000900086185,0.027210365223928164,0.08110631924292486,0.10173719296344291,0.056099899156140755,0.18450044630691365
ancf_12x5,4,12.0,5.0,86,-0.0558812711187628,0.1,0.03221087702111848,0.03541376210893422,0.02929766668895838,0.04205434018731184,0.02911547731169236,0.06074320917555147,0.02928633067970061,0.03189032917347776,0.026894961165659204,0.08612747462900006,0.069840894864516,0.10621201089074067,0.05258322770554885,0.018410468118131695,0.15018606904462536,0.09282526866804226,0.046420796130484,0.185617895890326,0.08619936673494646,0.04012247714573579,0.18519122831117346,0.10744650259751633,0.049926686993877756,0.23123406770118263
ancf_13x8,4,13.0,8.0,168,-0.05513747221714338,0.0,0.06111161648005732,0.14703621878434633,0.025399385945058098,0.0830917360994762,0.05874244908774453,0.11753402718555418,0.06111161648005732,0.14703621878434633,0.025399385945058098,0.1724836139019757,0.13462364326783743,0.2209908775496158,0.05942706736610715,0.036903293175048854,0.09569813509553168,0.05707609487453721,0.03697731355061866,0.08809943971910497,0.04773387714534688,0.030018157986067568,0.07590482495243739,0.07095206898249268,0.04265551577397716,0.1180198152935619
