cell,discharge_order,source_cycle_index,raw_points,scored_points,tail_points,local_voltage_kind,local_temperature_kind,selected_lambda,probe_certification_error,safe_joint_error,local_joint_error,flow_joint_error,safe_vs_local_ratio,safe_tail_error,local_tail_error,tail_safe_vs_local_ratio,catastrophic,development_target_cell,clock_regularization,blend_penalty,transport_alpha,transport_beta,transport_tau,transport_temperature_lag,transport_C_probe_Ah,transport_probe_data_loss,transport_regularized_objective
B0005,0,1,197,192,16,pchip,poly3,0.25,0.012199442656621883,0.06181164051123698,0.06630240899466355,0.0721200991581277,0.9322683964049026,0.18417349484825468,0.1896699296702356,0.9710210530918784,False,B0005,0.1,0.03,0.0,1.0,0.0,0.0,1.9793429574276311,0.0005811983702105452,0.0005811983702105452
B0005,6,13,195,190,16,pchip,poly3,0.25,0.017705861264380195,0.07107514206895242,0.07597762657044274,0.08669697945258326,0.9354746295352491,0.21304368878950522,0.22021157494542284,0.9674500027635055,False,B0005,0.1,0.03,0.0,1.0,0.0,0.0,1.9583599878333775,0.001012720911568904,0.001012720911568904
B0005,12,26,186,181,15,pchip,poly3,0.25,0.007449327521885403,0.04931976693062026,0.05174219011133058,0.058516279591528025,0.9531828247799691,0.15498512147590116,0.14768245002287053,1.0494484717168473,False,B0005,0.1,0.03,0.0,1.0,0.0,0.0,1.8556724027713374,5.833784564277634e-05,5.833784564277634e-05
B0005,17,36,182,177,14,pchip,poly3,0.25,0.004182686700987022,0.045857693290543525,0.05173319520564495,0.03996811797623895,0.8864268504633113,0.14723985392414068,0.15902941991691613,0.9258655033833688,False,B0005,0.1,0.03,0.0,1.0,0.0,0.0,1.8147499164936298,5.348239004558895e-06,5.348239004558895e-06
B0005,23,57,188,183,15,pchip,poly3,0.25,0.009798387864575882,0.05125509035521553,0.054904252100436535,0.06235567968081313,0.9335358992133144,0.1612226748393909,0.1558330461336971,1.0345859163984368,False,B0005,0.1,0.03,0.0,1.0,0.0,0.0,1.8968459276660201,0.0002892085157164421,0.0002892085157164421
B0005,29,81,182,177,14,pchip,poly3,0.25,0.004104116289338318,0.043846766016710205,0.049996850937880775,0.04104603692927963,0.8769905542888726,0.13868859958775162,0.1515034191160462,0.9154156414220667,False,B0005,0.1,0.03,0.0,1.0,0.0,0.0,1.8147153042959618,1.2331750242363415e-05,1.2331750242363415e-05
B0005,35,105,360,355,29,pchip,poly3,0.25,0.003725293430372647,0.03903506319353596,0.04225581126257925,0.041188670610621064,0.9237797601605745,0.12566236725334734,0.12680526570088782,0.9909869795925006,False,B0005,0.1,0.03,0.0,1.0,0.0,0.0,1.8695254302598219,4.5967599149056454e-05,4.5967599149056454e-05
B0005,40,125,355,350,28,pchip,poly3,0.25,0.005208151743382422,0.042700630015703754,0.045074418088208286,0.04812225750567485,0.9473362458532654,0.13930457018847264,0.13635198207069477,1.0216541635327827,False,B0005,0.1,0.03,0.0,1.0,0.0,0.0,1.8386292736948886,8.877085332571809e-05,8.877085332571809e-05
B0005,46,147,349,344,28,pchip,poly3,0.25,0.005200006222093593,0.047021560886819865,0.048761164983158044,0.05411097335804301,0.9643239841185289,0.1543050657644418,0.14945209439722845,1.0324717521476456,False,B0005,0.1,0.03,0.0,1.0,0.0,0.0,1.8068124165290127,0.0001257743105657524,0.0001257743105657524
B0005,52,169,349,344,28,pchip,poly3,0.25,0.005023072063856105,0.04481593959599169,0.04722004705134245,0.05022820665246781,0.9490871440103232,0.1458670583213979,0.1434971380029656,1.0165154535582677,False,B0005,0.1,0.03,0.0,1.0,0.0,0.0,1.8068346270617417,9.468739158923143e-05,9.468739158923143e-05
B0005,58,193,345,340,28,pchip,poly3,0.25,0.008829630711515475,0.06074153017172478,0.06187396008718524,0.0721568312913483,0.9816977947772412,0.20085482534459465,0.19449197217245365,1.0327152483522515,False,B0005,0.1,0.03,0.0,1.0,0.0,0.0,1.7861371881171395,0.00047827143881975137,0.00047827143881975137
B0005,63,213,341,336,27,pchip,poly3,0.25,0.016117851580771843,0.08658170017497255,0.0875708520580187,0.09766667624232102,0.988704553401047,0.29251046024873206,0.2877421162247546,1.016571588777268,False,B0005,0.1,0.03,0.0,1.0,0.15,0.0,1.7647761871289835,0.0004182577957073284,0.0012057577957073284
B0005,69,235,337,332,27,pchip,poly3,0.25,0.027188364599661785,0.11711579547352287,0.11927915676143953,0.13075197086351673,0.9818630400595183,0.39571717408835066,0.39521600109059934,1.0012680989544156,False,B0005,0.1,0.03,0.0,1.0,0.15,0.0,1.7442137504730384,0.0012971313773313612,0.0020846313773313615
B0005,75,259,333,328,27,pchip,poly3,0.25,0.008873574386547567,0.08494132036541784,0.08764722901054592,0.08862793406480421,0.9691272767470778,0.2740292917692152,0.2815924400007389,0.9731415082325937,False,B0005,0.1,0.03,0.0,1.0,0.0,0.0,1.7234933968382384,0.0008141924353080917,0.0008141924353080917
B0005,81,281,330,325,26,poly3,poly3,0.0,0.001354179845146518,0.07721431035251058,0.07721431035251058,0.07733141784823627,1.0,0.1851289978683262,0.1851289978683262,1.0,False,B0005,0.1,0.03,0.0,1.0,0.0,0.0,1.6986198541400042,0.00027882907438257223,0.00027882907438257223
B0005,86,301,326,321,26,poly3,poly3,0.0,0.0002761661724103391,0.08241997213995032,0.08241997213995032,0.0826262821188846,1.0,0.1596752108923272,0.1596752108923272,1.0,False,B0005,0.1,0.03,0.0,1.0,0.0,0.0,1.679450274128301,0.0005092484932386067,0.0005092484932386067
B0005,92,323,327,322,26,poly3,poly3,0.0,0.00011507124816290725,0.07809096566070198,0.07809096566070198,0.07855342059947809,1.0,0.15390171003277053,0.15390171003277053,1.0,False,B0005,0.1,0.03,0.0,1.0,0.0,0.0,1.678371926586891,0.000506084601602186,0.000506084601602186
B0005,98,347,322,317,26,pchip,poly3,0.0,0.001663751437333489,0.0871361638450817,0.0871361638450817,0.0880902831339768,1.0,0.13083836733297274,0.13083836733297274,1.0,False,B0005,0.1,0.03,0.0,1.0,0.0,0.0,1.6586094784696053,0.001280695387540443,0.001280695387540443
B0005,104,370,320,315,26,pchip,poly3,0.0,0.0012281526431620407,0.08821882935339091,0.08821882935339091,0.08895170714180255,1.0,0.1353579437397681,0.1353579437397681,1.0,False,B0005,0.1,0.03,0.0,1.0,0.0,0.0,1.640059008687252,0.0010537997957764448,0.0010537997957764448
B0005,109,390,317,312,25,pchip,pchip,0.0,0.005161739692678008,0.09563633247462301,0.09563633247462301,0.09813845360261021,1.0,0.11242844538101061,0.11242844538101061,1.0,False,B0005,0.1,0.03,0.0,1.0,0.0,0.0,1.6203792652086797,0.0022242082089903798,0.0022242082089903798
B0005,115,414,313,308,25,pchip,pchip,0.0,0.008827278979433632,0.09875837834752604,0.09875837834752604,0.10278072021973549,1.0,0.10481616538132657,0.10481616538132657,1.0,False,B0005,0.1,0.03,0.0,1.0,0.0,0.0,1.6009239676139588,0.0032902184746587326,0.0032902184746587326
B0005,121,436,313,308,25,pchip,pchip,0.0,0.00784903452441037,0.09607711841189275,0.09607711841189275,0.099713426663663,1.0,0.10372797149676065,0.10372797149676065,1.0,False,B0005,0.1,0.03,0.0,1.0,0.0,0.0,1.6019190665577392,0.0030882203810300873,0.0030882203810300873
B0005,127,460,309,304,25,pchip,pchip,0.0,0.01419493869102193,0.10296229265383848,0.10296229265383848,0.10851488898225277,1.0,0.09760130259055656,0.09760130259055656,1.0,False,B0005,0.1,0.03,0.0,1.0,-0.15,0.0,1.581198768604965,0.0038255608631055428,0.004613060863105542
B0005,132,480,308,303,25,pchip,pchip,0.0,0.012940340445333074,0.10107207951946272,0.10107207951946272,0.10637974902760385,1.0,0.09738294915037217,0.09738294915037217,1.0,False,B0005,0.1,0.03,0.0,1.0,-0.15,0.0,1.5814728472811967,0.0034389428654488683,0.004226442865448868
B0005,138,500,306,301,24,pchip,pchip,0.0,0.01811329321860581,0.10674625577809557,0.10674625577809557,0.11247322425795384,1.0,0.08944159526600146,0.08944159526600146,1.0,False,B0005,0.1,0.03,0.0,1.0,-0.15,0.0,1.5624469462069857,0.004793318609507408,0.005580818609507408
B0005,144,524,303,298,24,pchip,pchip,0.0,0.023831556711863044,0.10967994059579467,0.10967994059579467,0.11802261235567699,1.0,0.08604395614177736,0.08604395614177736,1.0,False,B0005,0.1,0.03,0.0,1.0,-0.15,0.0,1.562104276320089,0.005740442778326385,0.006527942778326385
B0005,150,547,305,300,24,pchip,pchip,0.0,0.01430287534535785,0.10409036574968834,0.10409036574968834,0.10905281301568849,1.0,0.09353053127796307,0.09353053127796307,1.0,False,B0005,0.1,0.03,0.0,1.0,-0.15,0.0,1.5623155508551139,0.003887525952415631,0.004675025952415631
B0005,155,567,301,296,24,pchip,pchip,0.0,0.026801909893204755,0.1073137939005913,0.1073137939005913,0.11713192855600067,1.0,0.08344666125083829,0.08344666125083829,1.0,False,B0005,0.1,0.03,0.0,1.0,-0.15,0.0,1.544055691887485,0.006844588625895759,0.007632088625895759
B0005,161,591,298,293,24,pchip,pchip,0.0,0.028791950235528486,0.10874074135712991,0.10874074135712991,0.11883175798772434,1.0,0.08451256194754754,0.08451256194754754,1.0,False,B0005,0.1,0.03,0.0,1.0,-0.15,0.0,1.5235233220400133,0.007286035356560255,0.008073535356560255
B0005,167,613,300,295,24,pchip,pchip,0.0,0.01883487004308291,0.10600372288790949,0.10600372288790949,0.11353005404415906,1.0,0.09341748327791664,0.09341748327791664,1.0,False,B0005,0.1,0.03,0.0,1.0,-0.15,0.0,1.543674396005991,0.004863270761779437,0.005650770761779437
B0006,0,1,197,192,16,pchip,poly3,0.0,0.0018925291417733058,0.06541492806465364,0.06541492806465364,0.08750576899790047,1.0,0.21369608771054566,0.21369608771054566,1.0,False,B0006,0.1,0.03,0.0,1.0,0.0,0.0,1.9774156465425776,0.00021144129141529845,0.00021144129141529845
B0006,6,13,195,190,16,pchip,poly3,0.0,0.0018636783311132402,0.0765714236535044,0.0765714236535044,0.09419313800054009,1.0,0.2540734197286836,0.2540734197286836,1.0,False,B0006,0.1,0.03,0.0,1.0,0.0,0.0,1.9561356986089649,0.0002865844532675177,0.0002865844532675177
B0006,12,26,186,181,15,pchip,poly3,0.0,0.0015291565760797642,0.06355804433643643,0.06355804433643643,0.08019134167831886,1.0,0.20896597175781706,0.20896597175781706,1.0,False,B0006,0.1,0.03,0.0,1.0,0.0,0.0,1.8535124654347166,0.0002835115551597839,0.0002835115551597839
B0006,17,36,182,177,14,pchip,poly3,0.0,0.0020067833129086034,0.0746989321799838,0.0746989321799838,0.0931880171576648,1.0,0.2545985859902473,0.2545985859902473,1.0,False,B0006,0.1,0.03,0.0,1.0,0.0,0.0,1.812627981322423,0.00024204719849616193,0.00024204719849616193
B0006,23,57,188,183,15,pchip,poly3,0.0,0.0019204317617386938,0.06696740300363023,0.06696740300363023,0.08164108738297267,1.0,0.22246120291407065,0.22246120291407065,1.0,False,B0006,0.1,0.03,0.0,1.0,0.0,0.0,1.8943844623935808,0.00029173106921201794,0.00029173106921201794
B0006,29,81,182,177,14,pchip,poly3,0.0,0.0025416645190069606,0.0729009713592582,0.0729009713592582,0.09325291787885696,1.0,0.2471439774871677,0.2471439774871677,1.0,False,B0006,0.1,0.03,0.0,1.0,0.0,0.0,1.8124277428210005,0.00024417933091142177,0.00024417933091142177
B0006,35,105,360,355,29,pchip,poly3,0.25,0.002565624053609589,0.05154514128889112,0.05787940983055866,0.037825318409988894,0.8905609341869407,0.17273931680387417,0.19074535160304584,0.9056017111408121,False,B0006,0.1,0.03,0.0,1.0,0.0,0.0,1.867587279303078,2.2567800323188936e-05,2.2567800323188936e-05
B0006,40,125,355,350,28,pchip,poly3,0.25,0.007410767476057687,0.0447319150369228,0.04743363347502938,0.05183584044405655,0.9430421361347144,0.14525611264660576,0.1434564284945503,1.0125451621160626,False,B0006,0.1,0.03,0.0,1.0,0.0,0.0,1.8366890039409582,0.00035393546261608893,0.00035393546261608893
B0006,46,147,349,344,28,pchip,poly3,0.25,0.011738144906778684,0.058450246481215565,0.05976189001570812,0.07213715622518926,0.978052174485315,0.19163159630309887,0.18460400485515707,1.038068466897323,False,B0006,0.1,0.03,0.0,1.0,0.0,0.0,1.804955936153905,0.0009943650799474802,0.0009943650799474802
B0006,52,169,349,344,28,pchip,poly3,0.25,0.009580843178917026,0.05109209986258166,0.052662344516143586,0.0629253879846935,0.9701827811125924,0.16484860695190665,0.15835599283807436,1.0410001162410776,False,B0006,0.1,0.03,0.0,1.0,0.0,0.0,1.8047959837630554,0.0006296101763839616,0.0006296101763839616
B0006,58,193,345,340,28,pchip,poly3,0.0,0.06071795313781179,0.14786929424676515,0.14786929424676515,0.15098906679134383,1.0,0.4743931726849082,0.4743931726849082,1.0,False,B0006,0.1,0.03,0.1,1.0,0.15,0.0,1.784135717364381,0.002738394671827409,0.00452589467182741
B0006,63,213,341,336,27,poly3,poly3,0.0,0.0018810759221784465,0.07692048995974048,0.07692048995974048,0.07746530579688002,1.0,0.1708209936522423,0.1708209936522423,1.0,False,B0006,0.1,0.03,0.0,1.0,0.0,0.0,1.7535643657521505,0.00010549471827651876,0.00010549471827651876
B0006,69,235,337,332,27,pchip,pchip,0.0,0.0018402926351394442,0.09454937669099825,0.09454937669099825,0.09321927650019704,1.0,0.1176384023331466,0.1176384023331466,1.0,False,B0006,0.1,0.03,0.0,1.0,0.0,0.0,1.7351627828272078,0.0007975867592241304,0.0007975867592241304
B0006,75,259,333,328,27,pchip,pchip,0.0,0.006895214355982696,0.09913712208479387,0.09913712208479387,0.10071534017158808,1.0,0.10358356010853163,0.10358356010853163,1.0,False,B0006,0.1,0.03,0.0,1.0,0.0,0.0,1.7148743938735356,0.0025498636810633657,0.0025498636810633657
B0006,81,281,330,325,26,pchip,pchip,0.0,0.009580041269688326,0.10263349122774283,0.10263349122774283,0.10581870375580449,1.0,0.10156363769980492,0.10156363769980492,1.0,False,B0006,0.1,0.03,0.0,1.0,-0.15,0.0,1.6969414017460533,0.00262963446143816,0.00341713446143816
B0006,86,301,326,321,26,pchip,pchip,0.0,0.014862911681551062,0.1063452639503572,0.1063452639503572,0.11225687325175461,1.0,0.09677557903547715,0.09677557903547715,1.0,False,B0006,0.1,0.03,0.0,1.0,-0.15,0.0,1.6774870562711222,0.004009835617819391,0.004797335617819391
B0006,92,323,327,322,26,pchip,poly3,0.0,0.0024005999166124723,0.09492319491204108,0.09492319491204108,0.09722172662387295,1.0,0.13439817381932168,0.13439817381932168,1.0,False,B0006,0.1,0.03,0.0,1.0,0.0,0.0,1.6765977620053767,0.0015439192745773337,0.0015439192745773337
B0006,98,347,322,317,26,pchip,pchip,0.0,0.01197919995781797,0.10767656827423773,0.10767656827423773,0.11316239543887133,1.0,0.10576610178234966,0.10576610178234966,1.0,False,B0006,0.1,0.03,0.0,1.0,-0.15,0.0,1.6566886107469934,0.0034043141579920824,0.004191814157992082
B0006,104,370,320,315,26,pchip,pchip,0.0,0.012629696264919301,0.10702545345614912,0.10702545345614912,0.11344595522767789,1.0,0.10488208386205468,0.10488208386205468,1.0,False,B0006,0.1,0.03,0.0,1.0,-0.15,0.0,1.63848067240894,0.0038910882105958563,0.004678588210595856
B0006,109,390,317,312,25,pchip,pchip,0.0,0.0215988233759083,0.11444327304682397,0.11444327304682397,0.12312803642687906,1.0,0.08942616061940734,0.08942616061940734,1.0,False,B0006,0.1,0.03,0.0,1.0,-0.15,0.0,1.618991538080383,0.006326151196063778,0.007113651196063778
B0006,115,414,313,308,25,pchip,pchip,0.0,0.027057776847947468,0.12069064297664536,0.12069064297664536,0.13087056702508792,1.0,0.08823695595954396,0.08823695595954396,1.0,False,B0006,0.1,0.03,0.0,1.0,-0.15,0.0,1.5990882170726861,0.007627973229528545,0.008415473229528545
B0006,121,436,313,308,25,pchip,pchip,0.0,0.021640519015162833,0.12042484044389222,0.12042484044389222,0.12984371163494546,1.0,0.09382312163530296,0.09382312163530296,1.0,False,B0006,0.1,0.03,0.0,1.0,-0.15,0.0,1.5997780386534282,0.00654736454080244,0.00733486454080244
B0006,127,460,309,304,25,pchip,pchip,0.0,0.03671930969342384,0.12658878553530473,0.12658878553530473,0.1404600261804443,1.0,0.08350810800769219,0.08350810800769219,1.0,False,B0006,0.1,0.03,0.0,1.0,-0.15,0.0,1.5794911882326512,0.010077650779251043,0.010865150779251043
B0006,132,480,308,303,25,pchip,pchip,0.0,0.04137859919564078,0.12555793987679872,0.12555793987679872,0.14159924935593957,1.0,0.0779283127690313,0.0779283127690313,1.0,False,B0006,0.1,0.03,0.0,1.0,-0.15,0.0,1.5800232239511287,0.010947845728184176,0.011735345728184176
B0006,138,500,306,301,24,pchip,pchip,0.0,0.049567494028780114,0.127159009608211,0.127159009608211,0.14470016481307843,1.0,0.06719905345727588,0.06719905345727588,1.0,False,B0006,0.1,0.03,0.0,1.0,-0.15,0.0,1.56064174758487,0.01315093910713519,0.01393843910713519
B0006,144,524,303,298,24,pchip,pchip,0.0,0.06467494683371447,0.12801028562823902,0.12801028562823902,0.1503072642600512,1.0,0.06227218476622724,0.06227218476622724,1.0,False,B0006,0.1,0.03,0.0,1.0,-0.15,0.0,1.5608268448542437,0.01632502178958989,0.01711252178958989
B0006,150,547,305,300,24,pchip,pchip,0.0,0.054717579951498375,0.12720596442367915,0.12720596442367915,0.14816996023267984,1.0,0.06718462575557672,0.06718462575557672,1.0,False,B0006,0.1,0.03,0.0,1.0,-0.15,0.0,1.5605655774052807,0.014314407861710243,0.015101907861710243
B0006,155,567,301,296,24,pchip,pchip,0.0,0.09321795060465458,0.12530587262960113,0.12530587262960113,0.1566952713821096,1.0,0.058533862545119636,0.058533862545119636,1.0,False,B0006,0.1,0.03,0.0,1.0,-0.15,0.0,1.5423207628533233,0.022749945413128934,0.023537445413128934
B0006,161,591,298,293,24,pchip,pchip,0.0,0.12105986179213173,0.122243581412332,0.122243581412332,0.16188874994063748,1.0,0.05477620205987711,0.05477620205987711,1.0,False,B0006,0.1,0.03,0.0,1.0,-0.15,0.0,1.5217534421350614,0.028701188706852176,0.029488688706852176
B0006,167,613,300,295,24,pchip,pchip,0.0,0.12798856233164405,0.12651171801903052,0.12651171801903052,0.16532817440200848,1.0,0.05393915648608557,0.05393915648608557,1.0,False,B0006,0.1,0.03,0.0,1.0,-0.15,0.0,1.5422676152794983,0.029723507809627837,0.030511007809627837
