atlas_joint_error,atlas_probe_loss,atlas_vs_generic_hybrid_cubic_ratio,catastrophic,cell,development_target_cell,discharge_order,eta,event_index,event_rank_fraction,fallback_certification_loss,generic_hybrid_cubic_joint_error,last_probe_after_event,local_joint_error,local_relaxation_error,local_tail_error,local_temperature_coordinate,local_temperature_kind,local_voltage_coordinate,local_voltage_kind,q_off_Ah,raw_points,relaxation_points,relaxation_safe_vs_local_ratio,rest_duration_s,safe_joint_error,safe_relaxation_error,safe_tail_error,safe_vs_local_ratio,scored_points,selected_lambda,source_cycle_index,tail_points,tail_safe_vs_local_ratio
0.05840244403932967,6.20998048391935e-06,0.15334953682850488,False,B0005,B0005,0,-0.19999999999999885,179,0.9132653061224489,0.00039597258331009675,0.3808452587935937,True,0.15456149173206002,0.5124237775091222,0.5124237775091222,charge,poly3,hybrid,pchip,1.8564874208181583,197,16,0.3803335554235351,343.297,0.05840244403932967,0.19489195718360292,0.19489195718360292,0.37785895687764964,192,1.0,1,16,0.3803335554235351
0.06951381225622218,5.327670865550392e-06,0.1838116865372676,False,B0005,B0005,6,-0.2499999999999989,177,0.9123711340206185,0.00058317669239441,0.37817950297805647,True,0.19418244492889658,0.6494458201498268,0.6494458201498268,rank,poly3,hybrid,pchip,1.8351461429226608,195,16,0.3527388599572926,342.40599999999995,0.06951381225622218,0.22908477820367878,0.22908477820367878,0.3579819601183615,190,1.0,13,16,0.3527388599572926
0.03629746759432858,2.2450991336330557e-05,0.11499927149662693,False,B0005,B0005,12,-0.19999999999999885,175,0.9459459459459459,0.0003635052639317756,0.31563215246448956,False,0.06072877251118643,0.1850852519971077,0.18472033886680844,rank,poly3,rank,pchip,1.8137555388569615,186,10,0.7803174575784462,199.46799999999985,0.03629746759432858,0.1444252532736491,0.12000257254419906,0.5976980283545575,181,1.0,26,15,0.6496446102273894
0.03237775044153555,3.131191229242349e-05,0.12179289640591295,False,B0005,B0005,17,-0.2499999999999989,174,0.9613259668508287,0.0007197937954213489,0.2658426837442683,False,0.05353631740815571,0.10005470379676995,0.1669992575427695,rank,poly3,rank,pchip,1.803068314283409,182,7,0.9974978221329946,139.32799999999997,0.031985969859125545,0.0998043491314399,0.10579973650024412,0.5974630196408095,177,0.75,36,14,0.6335341728878535
0.03761055902223531,3.0010629626801887e-05,0.11271170946457394,False,B0005,B0005,23,-0.19999999999999885,176,0.9411764705882353,0.00046089625430626184,0.33368812522585833,False,0.06809656749559906,0.22494577309450267,0.2101450219639887,rank,poly3,rank,pchip,1.825131689076493,188,11,0.6456338861754343,220.42200000000003,0.03761055902223531,0.1452326136617412,0.12479741644747164,0.5523121121290879,183,1.0,57,15,0.5938633010724252
0.029507777209699836,4.4737640337068155e-05,0.11128332788656771,False,B0005,B0005,29,-0.2499999999999989,174,0.9613259668508287,0.000773097815885564,0.26515901141793163,False,0.05192503853670799,0.10337739740327583,0.1601788663294302,rank,poly3,rank,pchip,1.804077040117352,182,7,0.8880624027406248,139.48500000000013,0.030149722296074953,0.09180557992702555,0.09759287078876844,0.5806393821886304,177,0.75,81,14,0.6092743257906138
0.02256573130745156,8.310074483942663e-05,0.08693229211588117,False,B0005,B0005,35,-0.29999999999999893,345,0.9610027855153204,0.000799729793389128,0.25957823908946664,False,0.044600312682152775,0.11527494807000502,0.13648871360303066,charge,poly3,time,pchip,1.799381622206411,360,14,0.6948658671022514,135.09400000000005,0.025386746487029325,0.08010062674583104,0.07608752842168351,0.5692055718969895,355,0.75,105,29,0.5574638841053157
0.022685502853832838,6.735730310978227e-05,0.08326554726623525,False,B0005,B0005,40,-0.29999999999999893,339,0.9576271186440678,0.0008721186279584987,0.2724476521039088,False,0.04995444073208834,0.16510505017574764,0.156356102179737,time,poly3,rank,pchip,1.767872110666206,355,15,0.5766725081584646,145.07799999999997,0.025984493192586628,0.09521154339447754,0.07965108039452237,0.5201638295170711,350,0.75,125,28,0.509420990189181
0.01890490699539785,5.5293025413194356e-05,0.06771606830867354,False,B0005,B0005,46,-0.2499999999999989,333,0.9568965517241379,0.0007669477924853844,0.2791790407739367,False,0.05462233232687564,0.19777921267547355,0.17276941576592506,rank,poly3,time,pchip,1.7360913511847156,349,15,0.4315554318257916,144.79700000000003,0.023608712693671218,0.08535269353232906,0.07022730779293374,0.4322172211979147,344,0.75,147,28,0.40647997495158816
0.019921061307211958,6.507102283672759e-05,0.07486782048735006,False,B0005,B0005,52,-0.2499999999999989,334,0.9597701149425287,0.0007979876827035406,0.26608309387846935,False,0.05149893052917254,0.16572718985045057,0.16075800575900195,rank,poly3,time,pchip,1.7417176730820345,349,14,0.4152227478800645,135.29700000000003,0.02279042280457707,0.06881369916814523,0.06581326563445804,0.442541671650191,344,0.75,169,28,0.4093933942743794
0.017976221749356962,3.8795831634912374e-05,0.05816564195553064,False,B0005,B0005,58,-0.19999999999999885,326,0.9476744186046512,0.0008779676326175337,0.30905223676720217,False,0.062822042618596,0.228027479115935,0.19816517513526782,rank,poly3,charge,pchip,1.7003116833580039,345,18,0.27738604583574317,174.21900000000005,0.020300008024687753,0.06325164077386171,0.05347576152752236,0.3231351159326795,340,0.75,193,28,0.2698544862437092
0.022525341679794104,3.90811722269992e-05,0.064758175089279,False,B0005,B0005,63,-0.09999999999999876,319,0.9382352941176471,0.0004943119694955894,0.3478378081028301,False,0.10753979446845334,0.40798599699753263,0.3624290398504275,rank,poly3,time,pchip,1.6637263143294274,341,21,0.18442034322947237,203.82799999999997,0.022525341679794104,0.07524091759910345,0.06812839101051316,0.20946052381011276,336,1.0,213,27,0.18797718593032547
0.02221558670384011,2.5595357923434744e-05,0.05810694126350699,False,B0005,B0005,69,-0.09999999999999876,312,0.9285714285714286,0.0003237420523394765,0.38232242518317183,False,0.1515573098347109,0.5442104944030288,0.5135704601985952,rank,poly3,time,pchip,1.6277528915533626,337,24,0.13274639921308087,232.6869999999908,0.02221558670384011,0.07224198354597258,0.06940581974211181,0.14658208652600477,332,1.0,235,27,0.13514371468186256
0.08076001372271846,3.205042283980498e-05,0.20531366764674214,False,B0005,B0005,75,1.3322676295501878e-15,304,0.9156626506024096,0.0006535824841749695,0.3933494279673199,True,0.16512392913211635,0.55780047556843,0.55780047556843,time,poly3,hybrid,pchip,1.5857889968242223,333,27,0.34029823322369757,271.422,0.05536505122697318,0.18981851632727503,0.18981851632727503,0.3352939305524602,328,0.75,259,27,0.34029823322369757
0.030510278728249806,3.92127994189844e-05,0.11635001801731197,False,B0005,B0005,81,-0.09999999999999876,299,0.9088145896656535,0.00011780692668266241,0.2622283971087148,True,0.19708264966705796,0.6201962608907741,0.6536361558479938,rank,poly3,hybrid,poly3,1.5594815668184239,330,29,1.0,290.875,0.19708264966705796,0.6201962608907741,0.6536361558479938,1.0,325,0.0,281,26,1.0
0.03196000026146695,1.4728635847434958e-05,0.21892365119293009,False,B0005,B0005,86,-0.09999999999999876,293,0.9015384615384615,0.00027616617241057106,0.14598696891502905,True,0.08241997213995036,0.1527187321624367,0.15967521089232725,charge,poly3,charge,poly3,1.528525262975645,326,31,1.0,310.703,0.08241997213995036,0.1527187321624367,0.15967521089232725,1.0,321,0.0,301,26,1.0
0.03228244731782256,1.5195478123552454e-05,0.23393809137399468,False,B0005,B0005,92,-0.09999999999999876,294,0.901840490797546,0.00011507124816317238,0.13799568564579295,True,0.07809096566070202,0.1467485785498692,0.1539017100327716,charge,poly3,charge,poly3,1.5323755631868592,327,31,1.0,310.3130000000001,0.07809096566070202,0.1467485785498692,0.1539017100327716,1.0,322,0.0,323,26,1.0
0.032976614912579756,6.803650018215236e-06,0.3315246814758436,False,B0005,B0005,98,-0.09999999999999876,286,0.8909657320872274,0.0016637514373336292,0.09946956216284786,True,0.0871361638450817,0.12806455192459743,0.13083836733297263,charge,poly3,charge,pchip,1.490857293995849,322,34,1.0,339.8589999999999,0.0871361638450817,0.12806455192459743,0.13083836733297263,1.0,317,0.0,347,26,1.0
0.025590799969734908,9.134819540587823e-06,0.2603326424094738,False,B0005,B0005,104,-0.09999999999999876,284,0.890282131661442,0.0012281526431620446,0.09830038881364511,True,0.08821882935339091,0.13284045441292494,0.1353579437397679,charge,poly3,charge,pchip,1.4808061452709278,320,34,1.0,339.2190000000119,0.08821882935339091,0.13284045441292494,0.1353579437397679,1.0,315,0.0,370,26,1.0
0.025018077604856824,1.0516559023023011e-05,0.23088521094038464,False,B0005,B0005,109,-0.09999999999999876,278,0.879746835443038,0.0040125377746038915,0.10835721137338926,True,0.09563633247462304,0.12138743165129313,0.11242844538101068,charge,pchip,charge,pchip,1.4490421637612356,317,37,0.4614355859737464,368.4850000000006,0.04341354984437281,0.05601248065386254,0.05994517595716042,0.4539441101622391,312,0.5,390,25,0.5331851361460277
0.02031122272175548,8.098213908803676e-06,0.1638647622057138,False,B0005,B0005,115,-0.04999999999999871,272,0.8717948717948718,0.00722211465203052,0.12395113170369734,True,0.09875837834752606,0.11911605657805413,0.10481616538132657,charge,pchip,charge,pchip,1.4174290327313088,313,39,0.4596889000128583,387.875,0.04576644410589179,0.054756329022235095,0.056245903004453375,0.46341834355402073,308,0.5,414,25,0.5366147750189859
0.01970159907833786,1.1000312043980658e-05,0.16716387487387832,False,B0005,B0005,121,-0.04999999999999871,272,0.8717948717948718,0.006143502364121488,0.11785799469653542,True,0.09607711841189276,0.11660042873952448,0.10372797149676066,charge,pchip,charge,pchip,1.417354717448552,313,39,0.455730993755979,387.96900000000005,0.04411017463943852,0.0531384292618367,0.05497529027158021,0.459112173309919,308,0.5,436,25,0.5299948459254026
0.025307104923716055,7.159914404130265e-06,0.18438273944605604,False,B0005,B0005,127,-0.04999999999999871,265,0.8603896103896104,0.011376162322506548,0.13725311273575058,True,0.10296229265383847,0.12024443512139846,0.09760130259055662,charge,pchip,charge,pchip,1.3804366761974143,309,42,0.41063284892660507,417.28099999999995,0.04508125376762097,0.04937631496147018,0.04912707652944202,0.4378423654491179,304,0.5,460,25,0.5033444762057437
0.02354185163969643,8.466394077075693e-06,0.17752211279695268,False,B0005,B0005,132,-0.04999999999999871,264,0.8599348534201955,0.01052882638133689,0.13261362919121672,True,0.10107207951946275,0.11945633375107868,0.09738294915037213,charge,pchip,charge,pchip,1.3753981486027749,308,42,0.4171261591574992,416.59400000000005,0.04456548019805129,0.04982836168462379,0.04936120933615171,0.4409277063451497,303,0.5,480,25,0.5068773308552351
0.025349363459577594,8.344732540243434e-06,0.18572762908170812,False,B0005,B0005,138,-0.04999999999999871,260,0.8524590163934426,0.012389225042201201,0.13648676605043786,True,0.10674625577809557,0.12428288249825335,0.0894415952660014,charge,pchip,charge,pchip,1.3547095336726727,306,44,0.22292430095928428,436.3899999999999,0.020864681797263196,0.027705674702127994,0.02782241219748691,0.19546054936705937,301,0.75,500,24,0.3110679333786747
0.02273336386289503,8.303387839584106e-06,0.1551631226450563,False,B0005,B0005,144,1.3322676295501878e-15,255,0.8443708609271523,0.018163748435321127,0.1465126730846915,True,0.10967994059579468,0.12658443817666612,0.08604395614177736,charge,pchip,charge,pchip,1.3286554819964467,303,46,0.21542449199130037,455.8910000000001,0.022030151393748608,0.027269388288212466,0.026126124578109727,0.20085852776795982,298,0.75,524,24,0.3036369519674442
0.023034850930150327,7.022354032172444e-06,0.17683959532066448,False,B0005,B0005,150,-0.04999999999999871,261,0.8585526315789473,0.011267684994295772,0.1302584462963799,True,0.10409036574968836,0.1214477078436475,0.09353053127796304,charge,pchip,charge,pchip,1.3601240610696221,305,42,0.41235723897954707,417.28099999999995,0.045944844138067716,0.05007984148680117,0.04735511782363359,0.4413938197561312,300,0.5,547,24,0.5063065201981917
0.027908517710899857,5.669935429959193e-06,0.18599635361020433,False,B0005,B0005,155,1.3322676295501878e-15,252,0.84,0.020175680212631657,0.15004873573698227,True,0.1073137939005913,0.12444426110342545,0.08344666125083827,charge,pchip,charge,pchip,1.3134751321324278,301,47,0.21777202721425398,465.71900000000005,0.019375711384306524,0.027100479015672894,0.022573047964363272,0.18055191863084213,296,0.75,567,24,0.27050870131891
0.028934917407996866,5.926683523871599e-06,0.1839047700099329,False,B0005,B0005,161,1.3322676295501878e-15,249,0.8383838383838383,0.018787657934167527,0.15733641605073134,True,0.10874074135712995,0.12670517134559037,0.08451256194754748,charge,pchip,charge,pchip,1.297894598100587,298,47,0.22016963872385184,465.53099999999995,0.019201635868400603,0.027896631799602375,0.023359433638651877,0.17658180024116216,293,0.75,591,24,0.2764019111519759
0.030088242707526813,4.961231525432595e-06,0.21791260023768635,False,B0005,B0005,167,-0.04999999999999871,254,0.8494983277591973,0.01502458915107745,0.13807481841209876,True,0.10600372288790949,0.1238758829815825,0.09341748327791666,charge,pchip,charge,pchip,1.3250793286429365,300,44,0.3887407381371763,436.4369999999999,0.04398996109709202,0.048155602187654856,0.047133808250052645,0.41498505805883734,295,0.5,613,24,0.5045501826443959
0.024158861025540233,6.9312665752264886e-06,0.37219260977381036,False,B0006,B0006,0,-0.19999999999999885,196,1.0,0.0004448396012405006,0.06490956668973655,False,0.06562358652442007,nan,0.21496449309928273,rank,poly3,rank,pchip,2.04670279763099,197,0,nan,1e-10,0.04457139023030356,nan,0.14749405700976442,0.6791977182429294,192,0.5,1,16,0.6861321834282806
0.02752043126242903,8.958865133842154e-06,0.3612488989807347,False,B0006,B0006,6,-0.349999999999999,194,1.0,0.0003378781217661862,0.07618135678773844,False,0.07672830606531504,nan,0.2550652800825852,rank,poly3,rank,pchip,2.0244845012390633,195,0,nan,1e-10,0.0516077004444156,nan,0.17313278674226387,0.6726031511823616,190,0.5,13,16,0.6787783373974177
0.016078563491687937,9.110403258354446e-06,0.2546253049624942,False,B0006,B0006,12,-0.349999999999999,185,1.0,0.00030061595030630745,0.06314597637519287,False,0.06361193641405145,nan,0.20967799279023216,rank,poly3,rank,pchip,1.9232799539368028,186,0,nan,1e-10,0.03922429769379803,nan,0.12982058012398356,0.6166185138349859,181,0.5,26,15,0.6191426119471669
0.031036970654496253,7.367938526058299e-06,0.417739388564738,False,B0006,B0006,17,-0.29999999999999893,181,1.0,0.00041881962106830655,0.0742974483711784,False,0.07476505864976138,nan,0.2552955356156891,rank,poly3,rank,pchip,1.8787595848221552,182,0,nan,1e-10,0.052407291915864664,nan,0.1809313541129457,0.7009596844077635,177,0.5,36,14,0.7087133493212039
0.016573013999501635,1.0518463064359552e-05,0.24800542690267594,False,B0006,B0006,23,-0.399999999999999,187,1.0,0.00035184194913482497,0.06682520703873684,False,0.06702886209366576,nan,0.2231805175855263,rank,poly3,rank,pchip,1.945981133142164,188,0,nan,1e-10,0.040950561170552846,nan,0.13695051166734137,0.6109392266473024,183,0.5,57,15,0.6136311231326891
0.0356979685551205,7.242241603945552e-06,0.25564585211150814,False,B0006,B0006,29,-0.349999999999999,180,0.994475138121547,0.0001257662927072867,0.13963836401127952,False,0.07291055352216738,0.27662546665812265,0.24767520223379022,rank,poly3,rank,pchip,1.8684399120705961,182,1,1.1331880486278276,20.172000000000025,0.042696525688041616,0.3134686727630802,0.14831728991412124,0.585601447601963,177,0.75,81,14,0.5988378674023199
0.03708782697194912,1.22835882275019e-05,0.1950482195212739,False,B0006,B0006,35,-0.29999999999999893,350,0.9749303621169917,0.000388419584892013,0.1901469650067939,False,0.1334745541257032,0.7663196421403671,0.46202278358895066,rank,poly3,hybrid,pchip,1.8241406969000964,360,9,0.5039349248492295,87.39100000000008,0.06747566149911707,0.3861752312724943,0.23408340938079603,0.5055320239959002,355,0.75,105,29,0.5066490608156973
0.03804577460650964,9.517457914513202e-06,0.1459547676938292,False,B0006,B0006,40,-0.1499999999999988,338,0.9548022598870056,0.00017460891809051012,0.2606682550193814,False,0.052669905852999487,0.15209294542873766,0.16490315705735822,rank,poly3,rank,pchip,1.7607725966274093,355,16,1.060613942312849,154.60899999999992,0.03804577460650964,0.16131189844914645,0.13255182459624057,0.7223436987469568,350,1.0,125,28,0.8038161728470432
0.03974073019118268,1.900066555079837e-06,0.13889163246076855,False,B0006,B0006,46,-0.04999999999999871,329,0.9454022988505747,0.00011757025636479914,0.2861276052926218,False,0.07278562543475922,0.2649383506198025,0.23528690687644846,rank,poly3,time,pchip,1.7128813003847083,349,19,0.5985483987273911,182.95400000000018,0.03974073019118268,0.15857842552495888,0.13658689524810838,0.5459969596167576,344,1.0,147,28,0.5805120950475648
0.04369351545173902,1.4674427388413097e-05,0.1612073232514691,False,B0006,B0006,52,-0.04999999999999871,330,0.9482758620689655,0.0001857314326018455,0.27103927148260515,False,0.061755480762204974,0.20932397774855868,0.19475266952718986,charge,poly3,time,pchip,1.7185648345251272,349,18,0.8404134557247052,173.34400000000005,0.04369351545173902,0.1759186875057075,0.1496539422467418,0.7075244968132437,344,1.0,169,28,0.7684307620022034
0.06159344704478416,2.3190233815398222e-05,0.16611253269536433,False,B0006,B0006,58,1.3322676295501878e-15,317,0.9215116279069767,0.002752044948661775,0.3707934979098843,False,0.19593784847256068,0.6643543394417162,0.6525535706915594,time,poly3,time,pchip,1.6506060443968138,345,27,0.31794923035010886,259.90599999999995,0.06159344704478416,0.21123095090524863,0.2074849314231375,0.31435196173142504,340,1.0,193,28,0.31795846462574767
0.04849110762686838,3.8748443900511546e-05,0.2612187930419102,False,B0006,B0006,63,-0.09999999999999876,307,0.9029411764705882,0.0007441732828638505,0.18563406967081583,True,0.12545866437854625,0.3356734913396146,0.3596980441662096,charge,poly3,hybrid,pchip,1.5980691260679347,341,32,1.0,318.1869999999999,0.12545866437854625,0.3356734913396146,0.3596980441662096,1.0,336,0.0,213,27,1.0
0.03179183145691671,6.795471576097877e-06,0.33397500725644585,False,B0006,B0006,69,0.10000000000000142,296,0.8809523809523809,0.0015073956835776538,0.09519224722257452,True,0.09454937669099825,0.12994147568744494,0.11763840233314661,charge,pchip,charge,pchip,1.541048127020316,337,39,0.8458330541992983,385.10899999999674,0.0773117895718069,0.10990879524787542,0.09964160232558313,0.8176869301261879,332,0.25,235,27,0.8470159433430814
0.01309807958268595,3.820110228235841e-06,0.10410655022882977,False,B0006,B0006,75,0.10000000000000142,289,0.8704819277108434,0.0058425866601574,0.125814173593265,True,0.09913712208479386,0.12500651446190225,0.10358356010853163,charge,pchip,charge,pchip,1.503962940439282,333,42,0.5022186996271512,414.34400000000005,0.05000258430119625,0.06278060913797921,0.048198808242163396,0.5043780094647905,328,0.5,259,27,0.4653133006015837
0.013838801727354478,5.5930879508144e-06,0.10430069033147168,False,B0006,B0006,81,0.10000000000000142,286,0.8693009118541033,0.008070742967479571,0.1326817845919737,True,0.10263349122774285,0.12736781577461212,0.1015636376998049,charge,pchip,charge,pchip,1.4889176004711604,330,42,0.46228216949057643,414.46900000000005,0.04899253037743045,0.058879870199563755,0.041904410374330035,0.4773542222072173,325,0.5,281,26,0.4125926495286465
0.021090183730168573,1.3522336358627525e-05,0.1412359876830311,False,B0006,B0006,86,0.10000000000000142,280,0.8615384615384616,0.012885029749124168,0.14932584871711466,True,0.1063452639503572,0.12845520541984984,0.09677557903547714,charge,pchip,charge,pchip,1.4576048504655446,326,44,0.3892900263427544,434.59400000000005,0.0456523723321849,0.050006330301757274,0.031090711793322436,0.42928448937317776,321,0.5,301,26,0.3212660890608036
0.016812353311904952,5.2351809624440685e-06,0.16896641690367603,False,B0006,B0006,92,0.10000000000000142,290,0.8895705521472392,0.002400599916612484,0.09950115306930665,True,0.09492319491204106,0.13834996948788902,0.1343981738193217,charge,poly3,charge,pchip,1.509427162663155,327,35,1.0,348.3910000000001,0.09492319491204106,0.13834996948788902,0.1343981738193217,1.0,322,0.0,323,26,1.0
0.01958280079356396,7.609682554445853e-06,0.13266209919663133,False,B0006,B0006,98,0.10000000000000142,279,0.8691588785046729,0.009469791331725808,0.14761413329166753,True,0.10767656827423772,0.1316581266060715,0.10576610178234966,charge,pchip,charge,pchip,1.451838763496302,322,41,0.40859321382748626,406.703,0.047947595648412694,0.05379461707648084,0.03583490942881492,0.44529275418860514,317,0.5,347,26,0.3388128032037868
0.022533509022661366,7.788391384107798e-06,0.14836638175488087,False,B0006,B0006,104,0.10000000000000142,277,0.8683385579937304,0.011182275855573073,0.1518774587351563,True,0.10702545345614911,0.13015584811988656,0.10488208386205465,charge,pchip,charge,pchip,1.442026236817901,320,41,0.3791840569921708,405.75,0.04569605943700459,0.049353022531355394,0.0317769816515001,0.4269644085715307,315,0.5,370,26,0.30297816825697826
0.028263270414999892,9.948667508147132e-06,0.17963407145892335,False,B0006,B0006,109,0.10000000000000142,270,0.8544303797468354,0.019315255485090464,0.15733802716520184,True,0.11444327304682399,0.13376500285759896,0.08942616061940732,charge,pchip,charge,pchip,1.4049935787060317,317,45,0.3536859794601566,444.5320000000065,0.046592569139500696,0.04731080605318053,0.025798948167055517,0.4071237032904288,312,0.5,390,25,0.2884944180579817
0.03214096084423737,1.3532341039647845e-05,0.19029637405614927,False,B0006,B0006,115,0.10000000000000142,265,0.8493589743589743,0.020954618158330027,0.16889949166742288,True,0.12069064297664536,0.13912472095179948,0.08823695595954396,charge,pchip,charge,pchip,1.378729616188082,313,46,0.16105466035115612,454.6399999999999,0.019156031213955458,0.02240668467934144,0.02694016420932348,0.15872010241640944,308,0.75,414,25,0.30531611065181535
0.030032313872635955,1.1255706632781314e-05,0.1776751394222577,False,B0006,B0006,121,0.10000000000000142,268,0.8589743589743589,0.018615369279815865,0.16902935306701522,True,0.12042484044389222,0.13664753633486737,0.09382312163530299,charge,pchip,charge,pchip,1.3944416960070414,313,43,0.35290978607805545,426.09400000000005,0.05049617694047973,0.048224252816031356,0.026629763849067352,0.41931695117343065,308,0.5,436,25,0.2838294376153791
0.03982358725001129,1.805859709292249e-05,0.22064860813177736,False,B0006,B0006,127,0.10000000000000142,259,0.8409090909090909,0.030523835795629912,0.18048419877739522,True,0.12658878553530473,0.14207175940695302,0.08350810800769212,charge,pchip,charge,pchip,1.3469565165006512,309,48,0.3157536847232741,474.453,0.04975954307727281,0.04485968152786389,0.02752115027695204,0.39308018373709114,304,0.5,460,25,0.3295626129431289
0.04307803894758669,1.9149867380701195e-05,0.23916039643622947,False,B0006,B0006,132,0.10000000000000142,256,0.8338762214983714,0.033836907704375405,0.18012195827361058,True,0.12555793987679867,0.13982870196504532,0.0779283127690314,charge,pchip,charge,pchip,1.3314003001685057,308,50,0.3033963196678083,492.7339999999999,0.048413644049686705,0.042423513560121584,0.02860210887632093,0.3855880727032609,303,0.5,480,25,0.3670310296733047
0.04478325165141256,2.1136624569112536e-05,0.2585645655403121,False,B0006,B0006,138,0.10000000000000142,252,0.8262295081967214,0.03542736353012155,0.17319949296931222,True,0.12715900960821105,0.14093300609547937,0.06719905345727585,charge,pchip,charge,pchip,1.3107150021797858,306,52,0.2870720673033634,512.531,0.02307454249065035,0.04045792941110678,0.04284933122681343,0.18146211237210166,301,0.75,500,24,0.6376478391032158
0.06257153790951152,3.807591074968699e-05,0.3451376255247965,False,B0006,B0006,144,0.05000000000000138,245,0.8112582781456954,0.05006139077504028,0.18129445555050344,True,0.128010285628239,0.14305527688174888,0.0622721847662273,charge,pchip,charge,pchip,1.2741770113641202,303,56,0.45685266522782675,551.094,0.031254059081836,0.06535518451833168,0.05585091883735956,0.24415271732618782,298,0.75,524,24,0.8968838823790515
0.06204654179040669,2.4225011810574765e-05,0.3504746741029444,False,B0006,B0006,150,0.05000000000000138,250,0.8223684210526315,0.04205639433374071,0.17703573574672002,True,0.1272059644236791,0.1376046877015274,0.06718462575557686,charge,pchip,charge,pchip,1.3002955447178541,305,53,0.4881851971330346,522.078,0.03067902332629004,0.06717657159199981,0.05915148370271935,0.24117598152952024,300,0.75,547,24,0.8804318404320248
0.06805770459851918,0.0001335229662781899,0.3433656563486819,False,B0006,B0006,155,0.05000000000000138,237,0.79,0.0716792426991771,0.198207663871333,True,0.1253058726296012,0.14704940397056918,0.05853386254511955,charge,pchip,charge,pchip,1.2322007754149962,301,62,0.3191358233804701,608.703,0.04756295981074405,0.04692873261375496,0.031304513207677,0.3795748659868331,296,0.5,567,24,0.5348103105881078
0.07097219035928191,0.00033169470732008765,0.325775241718062,False,B0006,B0006,161,0.05000000000000138,230,0.7744107744107744,0.09502727629786215,0.21785630481000115,True,0.12224358141233209,0.1496497569206015,0.05477620205987697,charge,pchip,charge,pchip,1.1953580186633523,298,66,0.34054164096911194,646.531,0.04956150224543413,0.05096197379237035,0.028824380917708767,0.4054323480450181,293,0.5,591,24,0.5262208739152864
0.0707212683506705,0.00025900955832098963,0.3189728521590284,False,B0006,B0006,167,0.05000000000000138,231,0.7725752508361204,0.08994462880194318,0.22171563464407756,True,0.12651171801903047,0.15200347068666792,0.05393915648608572,charge,pchip,charge,pchip,1.2013746151484546,300,67,0.3626345296039228,655.703,0.05349145734327639,0.05512170709062349,0.027653875927776142,0.4228182035693323,295,0.5,613,24,0.5126864735993749
